"gene"	"logFC"	"AveExpr"	"t"	"P.Value"	"adj.P.Val"	"B"	"z.std"
"1"	"UBE2J1"	-0.265935152850925	12.8937668733174	-3.87496697516689	0.000131266259528231	0.0656331297641157	0.832607165430908	-3.8240706767756
"2"	"CCT3"	-0.248773671097212	12.9897782926586	-3.46765612815913	0.000603930521829441	0.15098263045736	-0.471057005284929	-3.42984302766194
"3"	"MANF"	-0.212483005947083	12.8431078659183	-3.25852972946773	0.00125161088581103	0.208601814301839	-1.04625599822317	-3.22684992242946
"4"	"IRF1"	0.230989851034025	13.532593100113	3.04710462969192	0.00251823128143481	0.314778910179352	-1.62979735449191	3.02114212460738
"5"	"GNB2"	-0.193925655268987	12.8308021388862	-2.90573283440252	0.00393948946790799	0.358647123513919	-1.99177975130052	-2.88296680979853
"6"	"S100A4"	-0.216138542635945	13.0006982442418	-2.87745880603125	0.00430376548216703	0.358647123513919	-2.05617418955365	-2.8549939053165
"7"	"ITM2C"	-0.19291387472354	12.8893483124525	-2.70298312385522	0.00727217297834809	0.440220196532536	-2.47953648269327	-2.68411664247519
"8"	"RBM28"	0.130985106464126	12.6578843157951	2.64188831084818	0.00868139225717296	0.440220196532536	-2.73323942776434	2.6243523546337
"9"	"CXXC5"	-0.195514904793977	13.0645410651407	-2.63079775843305	0.00896301578816143	0.440220196532536	-2.63521429702837	-2.61346158979755
"10"	"CUTA"	-0.189697120379424	13.0061861987839	-2.61295511206527	0.00943908922673598	0.440220196532536	-2.67674476868283	-2.5957274997326
"11"	"GCC1"	-0.11515137042055	12.6185834325883	-2.59707110588135	0.00987509461517487	0.440220196532536	-2.91347848006551	-2.58017259566731
"12"	"MAP4K4"	-0.153091822675816	12.7505707451114	-2.54818281255487	0.0113321516027423	0.440220196532536	-2.87833088326207	-2.53228600837746
"13"	"SDE2"	-0.101401640342313	12.5759650040656	-2.544810308182	0.0114457251098459	0.440220196532536	-3.10813747218561	-2.52878765667461
"14"	"SF3A3"	0.142659584103218	12.7399483474526	2.44560859490388	0.0150413577443942	0.502420649371498	-3.11440890636058	2.43138173828867
"15"	"DDHD2"	-0.10114523859391	12.5884563148065	-2.42638034844315	0.0158456042388375	0.502420649371498	-3.3732114821978	-2.41245244857169
"16"	"SLC39A4"	-0.0993654778910722	12.582563987834	-2.42121838906304	0.0160774607798879	0.502420649371498	-3.37499341607746	-2.40715236236051
"17"	"COPS7B"	-0.111326857938874	12.6356890535414	-2.3619207446649	0.0188346696721793	0.553960872711157	-3.41647655545704	-2.34878715943658
"18"	"ACOT9"	-0.113506449255517	12.6519669441838	-2.32102825109833	0.0209713040981146	0.574042972323549	-3.49260365634946	-2.30850069727549
"19"	"SLC25A37"	-0.0948205187216936	12.5964725230394	-2.30352643071097	0.0219398924566456	0.574042972323549	-3.63946355092747	-2.29140687266088
"20"	"KLHL24"	-0.136494776959493	12.7443332038699	-2.28594586153215	0.022961718892942	0.574042972323549	-3.4504111285289	-2.27407098502192
"21"	"FCRL3"	0.152175125705329	12.8513271770515	2.25115241565268	0.0251194442707458	0.598082006446328	-3.46179234761069	2.23956088814234
"22"	"ANP32E"	0.151792023906651	12.8557019334526	2.22138020124065	0.0270906161020513	0.5998601587246	-3.51668864918421	2.21020964217808
"23"	"EPB41L2"	-0.10057560760019	12.6187781556127	-2.20178849554315	0.028449079904783	0.5998601587246	-3.80009444603353	-2.1910374857451
"24"	"MYO1G"	-0.125380833403941	12.7353905417931	-2.19194840170196	0.0291746237609833	0.5998601587246	-3.65195593310908	-2.1811188932176
"25"	"HSPB1"	-0.100410516722165	12.6200980277551	-2.18066371083831	0.02999300793623	0.5998601587246	-3.83766711812381	-2.1701827024415
"26"	"SRSF11"	0.166781412214106	13.1519650353386	2.15730463955127	0.0317839971880462	0.610990695239202	-3.59944864319126	2.14711663618707
"27"	"CASP3"	-0.100038516391916	12.631828077705	-2.14228520932183	0.0329934975429169	0.610990695239202	-3.88908576169441	-2.13216240920089
"28"	"COPS8"	-0.11164925048729	12.7093717096368	-2.04037317831545	0.0422136163462359	0.753814577611356	-3.98149800422788	-2.0314080712405
"29"	"PSMD14"	0.122267923557382	12.7477687813139	2.01491968823038	0.0448141235972933	0.770510808097549	-3.96393229499414	2.00639497902614
"30"	"VMA21"	-0.114887205032711	12.7246089836163	-2.00176520899375	0.0462306484858529	0.770510808097549	-4.018947777228	-1.99328134040454
"31"	"MAPKAP1"	-0.100416672901556	12.6620438394239	-1.98603129189257	0.0479626735393194	0.773023187811704	-4.12989864755933	-1.97769899658556
"32"	"ANKH"	-0.101984956044957	12.6690485611534	-1.96725664311465	0.0500949618207813	0.773023187811704	-4.15523579697091	-1.95915222822936
"33"	"WTAP"	0.150450666923521	13.1323395911562	1.95938328916375	0.0510195303955725	0.773023187811704	-3.94721746243676	1.95131546597394
"34"	"OXSR1"	-0.10263986158081	12.6954610339669	-1.9288220788554	0.0547059066853026	0.804498627725039	-4.19037328691881	-1.92120469357365
"35"	"S100A6"	-0.140885845916821	13.6931635757602	-1.91461817541256	0.0565019925038676	0.805408119417285	-4.05304453191537	-1.90714361626306
"36"	"TULP4"	-0.109242823797503	12.7291688845316	-1.90323368817609	0.0579893845980445	0.805408119417285	-4.19815409293055	-1.89577816291135
"37"	"SMIM20"	-0.0881526140158445	12.6318467683756	-1.86706064396914	0.062889338420548	0.82318932790705	-4.400642720612	-1.85997305384295
"38"	"TAZ"	-0.0761922166377807	12.5891205464426	-1.86019797735859	0.0638548135822233	0.82318932790705	-4.5160946980535	-1.8531922117434
"39"	"HARS"	0.0976526569975721	12.6713382932325	1.85773073502008	0.0642087675767499	0.82318932790705	-4.3383757394149	1.85072748721907
"40"	"KLHL2"	-0.0751064181835333	12.5860146964121	-1.83821284393948	0.0670297948059998	0.837872435074998	-4.57117234999168	-1.83147420233882
"41"	"HIST1H1C"	-0.0792115493122637	12.6121652967535	-1.80833806843832	0.0715808268270395	0.860658915201923	-4.55320059308481	-1.80177490942246
"42"	"FAM50A"	-0.109483277271772	12.7715292835052	-1.78600106848701	0.075119392680195	0.860658915201923	-4.34315692079755	-1.77973467610479
"43"	"AC245297.3"	0.135104052857667	13.0711345165499	1.78281981733703	0.075655079484731	0.860658915201923	-4.23341387558562	1.77647244639125
"44"	"RHOH"	0.135499827729354	13.1975707012029	1.78230899245254	0.0757379845377692	0.860658915201923	-4.22642166459109	1.77596925650809
"45"	"ACTR1B"	-0.0931482644902132	12.6900857889464	-1.75156913765642	0.0808803170547939	0.866698900174584	-4.49297095076621	-1.74560095008524
"46"	"ORMDL1"	-0.126028897025189	13.0490737579844	-1.74864411608989	0.0813858945540294	0.866698900174584	-4.29528832877334	-1.74270078453768
"47"	"NADK"	-0.0792657465527935	12.6175955518115	-1.72513328949759	0.0855439159789068	0.866698900174584	-4.67992159778842	-1.71938706482546
"48"	"SYTL3"	-0.0629881293295353	12.5583659541081	-1.72220373541739	0.0860739074611527	0.866698900174584	-4.83251521916627	-1.71648173875957
"49"	"CENPH"	-0.0725560267160895	12.601051619568	-1.71484962067292	0.0874365251349982	0.866698900174584	-4.71851554312657	-1.70907787583908
"50"	"ANKIB1"	-0.0888830755788132	12.6684466884427	-1.70439779843206	0.0893528233816054	0.866698900174584	-4.60746463778154	-1.69882148919698
"51"	"CERS2"	-0.0729478667813539	12.6057689387997	-1.70097551602962	0.0899944665400202	0.866698900174584	-4.75566987379317	-1.69542689997744
"52"	"SFT2D1"	0.124547368866612	12.9985423219569	1.69966628091172	0.0902409184366122	0.866698900174584	-4.37505226193072	1.69412823308512
"53"	"CPSF3"	-0.0682903265938683	12.5852638686806	-1.69108357891173	0.0918700834185059	0.866698900174584	-4.81560476530918	-1.68561445391734
"54"	"REL"	0.117168191030414	13.8494790760477	1.66927503211922	0.096116772593722	0.885054705005658	-4.47348279294522	1.66397826697265
"55"	"SENP2"	-0.0715442212447178	12.6022946022285	-1.65925491212025	0.0981283257599353	0.885054705005658	-4.8155678099551	-1.65399599842384
"56"	"RYK"	-0.0692992139981071	12.5908475423474	-1.65347016998473	0.0993044880168275	0.885054705005658	-4.85138513269356	-1.64823484990256
"57"	"ENTPD4"	-0.0726631747232157	12.6171530475869	-1.64563853087981	0.100896236370645	0.885054705005658	-4.80772337377721	-1.64052412590234
"58"	"ANXA2R"	-0.0727061980206635	12.623498811725	-1.61873979706675	0.106573268848507	0.903122631451468	-4.83999514147914	-1.61378868883147
"59"	"MRPS28"	0.0760986019294394	12.62954990372	1.60727255481884	0.109057359265327	0.903122631451468	-4.80702309389133	1.60244446305663
"60"	"ZNF680"	0.0643573053282877	12.5720793606414	1.59753744666548	0.111209525332218	0.903122631451468	-4.96045501701525	1.5927801248197
"61"	"CAPN2"	-0.0987748230529191	12.7778973809014	-1.59740030166507	0.111240083286227	0.903122631451468	-4.62551541439539	-1.59264397141883
"62"	"FAM208A"	0.0661504445647972	12.5898556036004	1.59405645078515	0.111987206299982	0.903122631451468	-4.92050790247251	1.58932425142369
"63"	"ABCF2.1"	0.075512569033148	12.6378398344154	1.57976486526363	0.115225331722905	0.914486759705599	-4.8350468578115	1.57513480513185
"64"	"MAP3K1"	-0.0848385229554244	12.6913420346362	-1.55401386053354	0.121246247422088	0.9429074954711	-4.79492802543458	-1.5495637992999
"65"	"ZCCHC17"	-0.0782132155780621	12.6592468299622	-1.54340727908248	0.123797005959067	0.9429074954711	-4.85993664958468	-1.5390298629199
"66"	"POLD2"	-0.100379607783878	12.792954994892	-1.54072593195581	0.124463789402185	0.9429074954711	-4.68847082557002	-1.53630420204147
"67"	"PIN4"	-0.0974328684088133	12.7941168510082	-1.51575307726522	0.130663292200364	0.962524307332397	-4.71988970784852	-1.5114914230911
"68"	"BCL6"	-0.0635082970531247	12.5939113510109	-1.51473469670601	0.130903305797206	0.962524307332397	-5.07282511861516	-1.51054935440411
"69"	"SNRPC"	-0.10546598912635	12.91690438752	-1.48617769927325	0.138293072546763	0.971564493136655	-4.702899181828	-1.48217749698148
"70"	"CTDSP1"	0.0966113481073005	12.8235129172845	1.46951396038073	0.142752112963346	0.971564493136655	-4.76288098833643	1.46561899689862
"71"	"ADSS"	-0.0899427284964626	12.7738182734127	-1.46142606207067	0.144971088290386	0.971564493136655	-4.82322376123501	-1.4575265490478
"72"	"DENND4B"	-0.0618331899608771	12.5997036291586	-1.45484359973154	0.146781043808146	0.971564493136655	-5.12215334338251	-1.45099574945041
"73"	"PRKAA1"	0.0808678872856591	12.6976146434208	1.45105013177726	0.147837677957864	0.971564493136655	-4.90586464087376	1.44721156676673
"74"	"SRPK1"	0.0963572977797363	12.8293211868223	1.44608906100605	0.149206874572074	0.971564493136655	-4.78732625827456	1.44233860481479
"75"	"TSC22D3"	-0.115197113344247	13.2046933224431	-1.41884385312519	0.15699330338865	0.971564493136655	-4.73285189337299	-1.41525650258947
"76"	"ZNF326"	-0.0745008809837121	12.6849364722003	-1.40858652059288	0.160012910213722	0.971564493136655	-5.00587777429109	-1.40502814150413
"77"	"MNDA"	-0.0597572143021392	12.6038512702831	-1.40317319508474	0.161625154663407	0.971564493136655	-5.18596313568164	-1.39962663172293
"78"	"TSPYL2"	0.0751500328046833	12.6793483946489	1.40139050673749	0.162141633911536	0.971564493136655	-5.0303998152877	1.3979048771296
"79"	"ZFAND1"	-0.0811581940510255	12.7196283855467	-1.39624274684265	0.163684297961431	0.971564493136655	-4.96262568864461	-1.39278671156686
"80"	"MRPL20"	-0.104724269666511	13.1149317836901	-1.39542116514331	0.163931532340222	0.971564493136655	-4.76922178753757	-1.39196983602811
"81"	"UBAP1"	0.0561389794545615	12.5783874057073	1.39467139172346	0.164157404538454	0.971564493136655	-5.25115598399535	1.39122435333954
"82"	"MEMO1"	-0.0562023397078797	12.5904500790621	-1.37272959969651	0.170872273292009	0.971564493136655	-5.26932501484947	-1.36940640486884
"83"	"HIPK1"	0.0550284302329909	12.5754202585318	1.37090193400098	0.171440791173949	0.971564493136655	-5.27794986548527	1.36758890540235
"84"	"YARS"	0.0867948765097118	12.7946943973417	1.36259527064339	0.174042624615402	0.971564493136655	-4.91337837899993	1.35932815970586
"85"	"FCGR2B"	-0.055920995632713	12.5919491256296	-1.35062347352887	0.177844450502829	0.971564493136655	-5.29487909310955	-1.34742171590272
"86"	"PHF6"	-0.0732784498026494	12.6964120646952	-1.34852159198169	0.178532063711972	0.971564493136655	-5.06754645716618	-1.34528856861725
"87"	"INTS6L"	-0.0503673450924508	12.5590481029603	-1.34750467071936	0.178845002155867	0.971564493136655	-5.37790901992529	-1.34431977949837
"88"	"COMMD10"	-0.0524937793200502	12.5774882664083	-1.34079280937366	0.181012515932603	0.971564493136655	-5.34337766872106	-1.33764399405735
"89"	"IP6K2"	0.0655542247532105	12.6612272727599	1.33277350171222	0.183627882179059	0.971564493136655	-5.1637645370477	1.32966739459869
"90"	"NOL8"	0.0824532313384656	12.7689544658838	1.32507231051217	0.186165881691741	0.971564493136655	-4.98341333438782	1.32200681466019
"91"	"MAD2L1BP"	0.0572010694714884	12.6036012206122	1.32473774611471	0.186276728200104	0.971564493136655	-5.29062848175985	1.32167400563719
"92"	"BOP1"	0.056807762609544	12.5913487485702	1.32249607446489	0.187020694584303	0.971564493136655	-5.29670287123623	1.31944407638115
"93"	"PCMT1"	-0.0865517326712079	12.8401844903661	-1.31629023619789	0.189105068416155	0.971564493136655	-4.9459548821156	-1.31323115620042
"94"	"TOR1AIP2"	0.0649634534071669	12.6487524405831	1.31266417973972	0.190319000426814	0.971564493136655	-5.1804838800236	1.30963600994611
"95"	"MAP3K7"	0.0597998261938684	12.6328585498083	1.30648956070317	0.192397140239896	0.971564493136655	-5.25882798707148	1.30352044741178
"96"	"EBP"	0.0525597164038418	12.5848439380478	1.30303623067077	0.193571913696102	0.971564493136655	-5.35615396150662	1.30008477946859
"97"	"NFKB1"	0.102682753320178	13.2467738762141	1.30044292131331	0.194474349200368	0.971564493136655	-4.86708903852155	1.2974559587859
"98"	"PDHA1"	-0.0675996359158331	12.6760287122712	-1.29571437509408	0.19609230945671	0.971564493136655	-5.15817763931297	-1.29276511425195
"99"	"HDAC6"	-0.0474578272714163	12.5524037757481	-1.2922005873834	0.197292402739445	0.971564493136655	-5.46674162146259	-1.28930405232649
"100"	"VAMP3"	-0.0574388865087056	12.6124090839591	-1.28880091818721	0.198478219229604	0.971564493136655	-5.30996423065925	-1.28589926795354
"101"	"GRHPR"	0.0619449900602449	12.6371695443662	1.2864105669714	0.199301881955059	0.971564493136655	-5.24366238782259	1.28354306526353
"102"	"COPS4"	-0.070619747698309	12.6947839355975	-1.28338687329484	0.200369749396063	0.971564493136655	-5.13270058943138	-1.28049884869006
"103"	"SYK"	-0.062927933800218	12.6483447187593	-1.27435322094271	0.203549852233951	0.971564493136655	-5.23677389234241	-1.27150274297736
"104"	"APEX2"	0.0516569810635884	12.5803958041424	1.27299927011252	0.204021776039507	0.971564493136655	-5.39420339830709	1.27017647332734
"105"	"C8orf33"	0.0883976516682719	12.8652051003006	1.26124187439049	0.208223409352311	0.971564493136655	-4.98993074904359	1.2584656307622
"106"	"LTB"	-0.0873530589049896	13.8596302951989	-1.25072698457403	0.212033205597415	0.971564493136655	-5.01664894153456	-1.24799413346275
"107"	"RPL34"	0.0269038957201613	15.5269648603575	1.24178561334365	0.215309083440335	0.971564493136655	-6.03371422517537	1.23909833532114
"108"	"CACYBP"	-0.086231335383072	12.8667522427256	-1.24003554099713	0.215941257746878	0.971564493136655	-5.01447333733242	-1.23739288829084
"109"	"ITGB1BP1"	-0.0732174053604793	12.7451274636304	-1.23317065233449	0.218501409764085	0.971564493136655	-5.12798828057051	-1.23052275904905
"110"	"PLP2"	0.0875438219810983	13.674906968512	1.23302897327414	0.218557623182893	0.971564493136655	-4.98017626119228	1.23037256207814
"111"	"TGOLN2"	-0.0811335943028832	12.8253023152685	-1.23232279185241	0.218818273262357	0.971564493136655	-5.04543040160608	-1.22967649201066
"112"	"STARD3NL"	0.054971222600347	12.6162140594289	1.22600070867624	0.221175755936819	0.971564493136655	-5.36201652002496	1.2234076750493
"113"	"RALGPS2"	-0.0824172811800124	12.8421941132997	-1.22364675229319	0.222072271512257	0.971564493136655	-5.04323771070518	-1.22103631197852
"114"	"STAP1"	0.061136106116837	12.6587135596801	1.22058820183876	0.223210352017833	0.971564493136655	-5.26523726071556	1.21803584370194
"115"	"IDH3G"	0.0644597068438514	12.6794799873441	1.19129093268022	0.234503258616107	0.971564493136655	-5.24659571333198	1.18883841383596
"116"	"CDKN2AIP"	-0.0518463801746919	12.6100928822855	-1.18816226349859	0.235718931163659	0.971564493136655	-5.44744404515917	-1.18575534464667
"117"	"TRIM4"	-0.0556702091994677	12.6297958125794	-1.18361417026567	0.237512499577674	0.971564493136655	-5.40341677812804	-1.18122714723583
"118"	"AL662844.4"	-0.0556104066379329	12.6251169098093	-1.18252747093792	0.237942476540778	0.971564493136655	-5.39401073932393	-1.18014518357128
"119"	"UGCG"	0.0562045337414699	12.6358620468234	1.17321159550274	0.241651188532248	0.971564493136655	-5.3737534265375	1.17086961921667
"120"	"PDIA6"	-0.0872093632041212	12.9947806279736	-1.17296698626075	0.241749116984281	0.971564493136655	-5.03748537283056	-1.17062606155079
"121"	"TP53BP2"	-0.0579508692224577	12.6518973823787	-1.16446951564698	0.245168487557071	0.971564493136655	-5.35682025905978	-1.16216490409279
"122"	"DENND3"	0.0684882509055205	12.7318696211959	1.16123778246465	0.24647784197402	0.971564493136655	-5.22326329067026	1.15894687081015
"123"	"WDR82"	-0.0621184547267364	12.6898271891025	-1.15519941216968	0.248947267261588	0.971564493136655	-5.29260000566087	-1.15291014580726
"124"	"MRM2"	-0.0561752660696852	12.6507948031446	-1.15124949384147	0.250555757428359	0.971564493136655	-5.36875538150086	-1.1490005413709
"125"	"CD2AP"	-0.0584844235845578	12.6752601926505	-1.15050750685577	0.25086056635312	0.971564493136655	-5.34206013634539	-1.1482616483522
"126"	"AP3B1"	0.0552117548520647	12.6412377295286	1.12842345217882	0.260051997601954	0.971564493136655	-5.40384545369196	1.12626823798374
"127"	"NENF"	-0.0746148967049609	12.8260846593615	-1.12646257812236	0.260879299071812	0.971564493136655	-5.16115265627853	-1.12431527838531
"128"	"PSIP1"	0.077304189608369	12.8431146527968	1.12416413431222	0.261851349599994	0.971564493136655	-5.14789523859728	1.12202608392208
"129"	"COBLL1"	-0.0778815247514016	12.912368106333	-1.1165624168574	0.265097044008074	0.971564493136655	-5.12801719738174	-1.1144246715539
"130"	"CGAS"	0.0605344959463838	12.6920611062395	1.11176711157945	0.267137617626594	0.971564493136655	-5.3318851133991	1.1096784377768
"131"	"TENT5C"	-0.0745405991324866	12.8098603856389	-1.10989180259831	0.267943654392922	0.971564493136655	-5.18620085440891	-1.10781052329313
"132"	"TMED5"	0.0657879042861757	12.7540250474951	1.09022813950618	0.276496574282729	0.971564493136655	-5.26051831095113	1.08822322469403
"133"	"PIGX"	0.0665481994078008	12.750556949838	1.08111394434396	0.280523670088288	0.971564493136655	-5.26907611600681	1.0791437062829
"134"	"ZNF131"	0.0722257884306134	12.844788999486	1.07412855131862	0.283646671322262	0.971564493136655	-5.20017670983322	1.07216334440391
"135"	"ING5"	0.0551250397884703	12.6606857676206	1.0731070235406	0.284094401618848	0.971564493136655	-5.42708886980335	1.07116687798867
"136"	"EIF4E2"	0.0656380944343948	12.7514320415835	1.06988609230609	0.285550422388545	0.971564493136655	-5.27191828311605	1.067933693984
"137"	"PUM3"	0.0647240854249148	12.7656062988633	1.06071739087762	0.289680337240236	0.971564493136655	-5.2716430091325	1.05882313094225
"138"	"CCNL1"	0.0801178290807215	13.1750931902039	1.05678547157372	0.291468499617175	0.971564493136655	-5.12212562913432	1.05490560267742
"139"	"MAP7D1"	-0.0579694006498323	12.7023871193421	-1.04603810644125	0.296404177495296	0.971564493136655	-5.37849781440723	-1.04417554855907
"140"	"TMEM69"	0.0424853133902576	12.5825908245065	1.04576686589458	0.296527279280941	0.971564493136655	-5.63956554114037	1.04390946370227
"141"	"ISY1"	-0.0512313968852676	12.6474627376653	-1.04455129983685	0.297079990665032	0.971564493136655	-5.48740806840191	-1.04271568627433
"142"	"LZTFL1"	-0.039228414633785	12.5635172425885	-1.03866874813904	0.299813518424817	0.971564493136655	-5.72740945109851	-1.03683337494654
"143"	"HNRNPDL"	-0.0727973946255096	13.746118851118	-1.02746969571428	0.305049289470948	0.971564493136655	-5.19352950575919	-1.02566548339194
"144"	"CDC42EP3"	-0.060508869499535	12.7279754407905	-1.02695748822941	0.305291899726879	0.971564493136655	-5.36291346135355	-1.02515109495059
"145"	"PAPOLG"	-0.0378638105402473	12.5666362239536	-1.00276659816098	0.316789931378073	0.971564493136655	-5.75349505498187	-1.00107628057038
"146"	"ANAPC10"	-0.0423299589135078	12.5981167415145	-0.99801778106691	0.319083316728821	0.971564493136655	-5.66967611068788	-0.996343413903531
"147"	"CFAP36"	0.0428736928942739	12.5964560733948	0.994313983062487	0.32087958503006	0.971564493136655	-5.64678997376887	0.992651977914018
"148"	"COX7A2L"	-0.0743576441415258	13.1868445082874	-0.993890837972981	0.321085223820642	0.971564493136655	-5.17523499815625	-0.992230240779296
"149"	"SLC30A9"	0.0397421314673952	12.5774171942432	0.977008361910103	0.329360289787544	0.971564493136655	-5.71259634059444	0.975403214493049
"150"	"IFI6"	-0.0471679452898136	12.6211301617976	-0.973675044805155	0.331019673975209	0.971564493136655	-5.63020154731961	-0.972062062803444
"151"	"SCRN1"	0.0410809480575359	12.597312987869	0.963680589530609	0.335990218399783	0.971564493136655	-5.68718902938143	0.962118228703348
"152"	"ARID4B"	0.0732922248192864	13.2406431243322	0.963482768554889	0.336089270668126	0.971564493136655	-5.19776578454304	0.961921036301096
"153"	"HLA-DMA"	-0.0729294396876916	13.5118655925902	-0.963068380647726	0.336296822832916	0.971564493136655	-5.21700837766839	-0.961507964492734
"154"	"GPM6B"	0.0543728121293159	12.7203549423956	0.95736448078789	0.339162122918469	0.971564493136655	-5.42904582928159	0.955822096092468
"155"	"UQCRQ"	-0.0720044632625157	13.2125434829502	-0.940705021042724	0.347620672241087	0.971564493136655	-5.21736049999343	-0.939214409580143
"156"	"FBXO5"	0.0360271750102342	12.5652120907153	0.933135274962423	0.351508256083886	0.971564493136655	-5.80833705092892	0.931667753948466
"157"	"TFEC"	0.043348890066236	12.621601889379	0.9265148068457	0.354941176138922	0.971564493136655	-5.65790347826459	0.925047545911198
"158"	"TFB1M"	-0.0361074065636603	12.5795404611413	-0.926054778263402	0.355169531546106	0.971564493136655	-5.79023311426358	-0.924608612349952
"159"	"HADHA"	-0.0653529818022829	12.9467417413287	-0.924835600443295	0.355814242431908	0.971564493136655	-5.27164193777974	-0.923370340997061
"160"	"MGST3"	0.0530149658943558	12.7231639493865	0.920564697213311	0.358025001441214	0.971564493136655	-5.4560733247479	0.91913492913969
"161"	"TBRG4"	0.0383984288350305	12.5883677480541	0.919069360325427	0.358814353251274	0.971564493136655	-5.73677621582882	0.91762666434496
"162"	"SLC35A4"	-0.0390606140624356	12.6019480478186	-0.91783555118216	0.359449856656585	0.971564493136655	-5.73807998436823	-0.916413882673129
"163"	"ACAP2"	-0.0606906706487549	12.8050971376831	-0.917354535068153	0.359709539459984	0.971564493136655	-5.36384526371949	-0.915918697099295
"164"	"PDS5A"	0.0466526416081954	12.6516907499886	0.915021595237105	0.360922734005975	0.971564493136655	-5.59154174124295	0.913608242057672
"165"	"DCUN1D1"	-0.0451426669474468	12.6505212536718	-0.913783540857927	0.361571958541902	0.971564493136655	-5.59639038045382	-0.912373834639846
"166"	"DNAJB14"	0.0609154514048373	12.84235776794	0.910445780716088	0.363335932357395	0.971564493136655	-5.33328830935095	0.909026889201172
"167"	"DOCK2"	0.0414764519124219	12.6448718235934	0.899810331809907	0.368950325831458	0.971564493136655	-5.69782012013736	0.898441301455506
"168"	"UFL1"	0.050395255247624	12.7095793353978	0.89871669065164	0.369531753721818	0.971564493136655	-5.50734022567064	0.897350806475637
"169"	"CCZ1"	-0.0539849048449774	12.7783871901591	-0.897337490559577	0.370265813025424	0.971564493136655	-5.4262092674555	-0.895975566361273
"170"	"NTMT1"	-0.0568696223944406	12.7934809845371	-0.896884676744595	0.370516855394132	0.971564493136655	-5.39238013329174	-0.895505634038419
"171"	"CASP8"	-0.0558431964920758	12.7927807496848	-0.89112720199793	0.373591353137035	0.971564493136655	-5.41351319703247	-0.889766360187732
"172"	"STAG2"	0.0601648439543228	12.8544038808583	0.88991984151814	0.374240704364433	0.971564493136655	-5.34544588855663	0.888557939242516
"173"	"TBC1D1"	-0.048643972094473	12.6984167396134	-0.875335329061322	0.382098960659739	0.971564493136655	-5.53815327892344	-0.8740354275845
"174"	"RASGRP3"	-0.0633018766802252	12.9580535783747	-0.874158032745068	0.382738633578638	0.971564493136655	-5.31438719305027	-0.872861389536215
"175"	"DALRD3"	-0.0465620208677594	12.6944460496234	-0.864646048293155	0.387931041076429	0.971564493136655	-5.55526241668882	-0.863375507812705
"176"	"ADPRHL2"	-0.0460705695375461	12.708920322368	-0.862306217764424	0.389221495702199	0.971564493136655	-5.58454554591004	-0.861030044857704
"177"	"PRPF38A"	0.0567772189446879	12.7999086159914	0.86123975393066	0.389810839208325	0.971564493136655	-5.40155911395473	0.859960459196114
"178"	"AAMP"	-0.0553498252439997	12.7806499987494	-0.859348102648972	0.390841703068937	0.971564493136655	-5.43301361957976	-0.85809193009825
"179"	"AIMP1"	-0.0615041044560323	12.927069527974	-0.859248784688791	0.390908672238379	0.971564493136655	-5.34229233762097	-0.85797064638307
"180"	"RBMX"	0.0638386865746301	13.4898529246449	0.858877589829593	0.391100843238565	0.971564493136655	-5.29917565830007	0.857622687431876
"181"	"IRAK2"	-0.0396261519611913	12.6140044560547	-0.856841218129909	0.392229611760795	0.971564493136655	-5.74096243985308	-0.855580948277769
"182"	"NUCKS1"	-0.0622860689154273	12.9876517318438	-0.85188017581551	0.394967111628502	0.971564493136655	-5.32484068761641	-0.850644050546957
"183"	"MAGED2"	-0.0536600283146345	12.7926477166443	-0.85079495309322	0.395568801428717	0.971564493136655	-5.42888683686579	-0.849561721140889
"184"	"ARL6IP6"	-0.0393494674080059	12.6314214100031	-0.836840739738362	0.403355058773268	0.971564493136655	-5.71355035010938	-0.835644264911025
"185"	"MYD88"	0.0404894587648832	12.6341203002844	0.834228449694659	0.404822867174303	0.971564493136655	-5.69175132228792	0.833038764573585
"186"	"PPA2"	0.0439572747860082	12.6780301653739	0.833589230787129	0.405182523399466	0.971564493136655	-5.60350207614882	0.832401202725753
"187"	"LTA"	0.030758063444936	12.5518839751803	0.832357713982992	0.405875976696631	0.971564493136655	-5.93543688082712	0.831172873583119
"188"	"KDM5C"	0.0312721805705938	12.5627477428362	0.828201098022652	0.408221775255106	0.971564493136655	-5.90720833882083	0.827026969838899
"189"	"HLA-DQB1"	0.05075260900109	14.1870146827982	0.825791999347707	0.409585064853265	0.971564493136655	-5.59921778057207	0.824624046832691
"190"	"UBAP2"	0.0317789819036736	12.5742158398727	0.813746542056938	0.416442207945743	0.971564493136655	-5.89185080553855	0.812609107938969
"191"	"ATF6"	0.0472070339461008	12.7326652750997	0.810867524162114	0.418091177641998	0.971564493136655	-5.53163843214175	0.809737296142998
"192"	"CALHM6"	0.0420420362395275	12.6630374761873	0.810712366602026	0.418180154407558	0.971564493136655	-5.67930176461847	0.809582525977492
"193"	"RPL39"	0.0178090491860854	15.4855645113465	0.809951961786577	0.418626826098354	0.971564493136655	-6.44267792092372	0.808805858086872
"194"	"CXCL8"	0.0566146562931217	12.8718552857331	0.805789518068674	0.421017896820985	0.971564493136655	-5.40216058204069	0.804656554584114
"195"	"RALB"	0.0347920918618278	12.6115020869856	0.794892082661114	0.427325646117779	0.971564493136655	-5.7988034085747	0.793776344767574
"196"	"LSM2"	-0.0545489223807529	12.8974454083013	-0.794721146119176	0.427418426547985	0.971564493136655	-5.39961327787421	-0.793617010501594
"197"	"SLBP"	-0.0576145572768115	12.9289692451945	-0.793336434606162	0.428215291690465	0.971564493136655	-5.38928727846763	-0.792249361676495
"198"	"IRF5"	-0.0334087597689346	12.5960347865965	-0.788622423140035	0.430972966463467	0.971564493136655	-5.85127607653802	-0.787527790906196
"199"	"NSMAF"	0.0379516846846898	12.6385559914692	0.784730694319275	0.433237082989125	0.971564493136655	-5.72900880908671	0.783664355405343
"200"	"TMEM165"	0.0585544618466471	13.1479267206693	0.78332115002845	0.434062859200754	0.971564493136655	-5.34231553282873	0.782258179234037
"201"	"KIDINS220"	0.030668563792103	12.5788089343347	0.772490400757287	0.440445358157842	0.971564493136655	-5.89535977808082	0.771441375990961
"202"	"BAZ1B"	-0.0480512944622496	12.7878418499158	-0.771859489625577	0.440811486456622	0.971564493136655	-5.51954904402186	-0.77082361734671
"203"	"TMEM41A"	-0.0283939902299363	12.5635963616985	-0.76159597349311	0.446912760192676	0.971564493136655	-5.96230200404	-0.760571981548907
"204"	"TIMM17B"	0.0529880735996627	12.8789338888176	0.759130343868136	0.448383928110723	0.971564493136655	-5.42943367873083	0.758112013942854
"205"	"CSNK2B"	0.0557240138668809	13.0343434727095	0.758615552931896	0.448684277136633	0.971564493136655	-5.37692148520538	0.757610358575841
"206"	"ARL6IP5"	-0.0555490012933057	13.0451491069956	-0.757451307666855	0.449380172063237	0.971564493136655	-5.37878037745867	-0.756448777977174
"207"	"URM1"	0.044244219862341	12.7390938392835	0.755152053717781	0.450756292279913	0.971564493136655	-5.55761962777439	0.754154771287941
"208"	"UBR2"	-0.0336543540997656	12.6179085884692	-0.754294922126234	0.451277819330665	0.971564493136655	-5.82082230724133	-0.753286416930413
"209"	"EIF2D"	-0.0289438915418636	12.5752872681428	-0.743097665980552	0.458010049283282	0.971564493136655	-5.95193113487893	-0.742127566462679
"210"	"CAPN7"	0.0328326819104579	12.6048718038007	0.742997614406242	0.458076754661244	0.971564493136655	-5.84533728869417	0.74201746385363
"211"	"NAA50"	0.0567783389409578	13.1732489432443	0.741629653306253	0.458906786521461	0.971564493136655	-5.36166695549802	0.740648180680803
"212"	"WDR48"	0.0305317260819053	12.5957181463155	0.734650208933035	0.463137456141305	0.971564493136655	-5.89634529591583	0.733690391101333
"213"	"STMP1"	-0.0523215378277313	12.9430517848663	-0.734444167783549	0.463263877679479	0.971564493136655	-5.41912043748254	-0.733483024562462
"214"	"NDUFA1"	0.0539737498964	13.4359418379805	0.732770347457266	0.464283538714113	0.971564493136655	-5.3790679883884	0.731811647760248
"215"	"SUCLG1"	0.0447503426558987	12.7560490880684	0.732457308263312	0.464476070500149	0.971564493136655	-5.55312803530146	0.731496288851961
"216"	"CCDC71"	0.027631772301654	12.5656061799528	0.731539630912357	0.465026515065216	0.971564493136655	-5.98388092137189	0.7305950849679
"217"	"RAB28"	-0.0381537659097397	12.6841188248387	-0.713863164681261	0.475877934595357	0.971564493136655	-5.67306950730598	-0.712948001051715
"218"	"LRCH3"	0.0360961321797108	12.6628724975139	0.710574688053666	0.477913070902583	0.971564493136655	-5.73341067102774	0.709663114319456
"219"	"CASP8AP2"	0.0330715248626677	12.6362926637196	0.707799603302888	0.479624888291218	0.971564493136655	-5.81297248282755	0.706906010941636
"220"	"BZW1"	-0.0535470037049781	13.2469076255449	-0.706017173416929	0.480731003131756	0.971564493136655	-5.38292427653803	-0.705127324890365
"221"	"ZBTB2"	-0.0326136505942214	12.6177713271716	-0.696585408469232	0.486613423599678	0.971564493136655	-5.85505248828868	-0.69570527143487
"222"	"ODR4"	0.0272328234754397	12.5726467394574	0.695281417583466	0.487422691132758	0.971564493136655	-5.97656231083366	0.694413880895644
"223"	"STMN1"	0.0438699545059456	12.7949454533362	0.694587624307564	0.487863884322927	0.971564493136655	-5.54317602220997	0.693710333447507
"224"	"SEPT2"	-0.0517528637428594	13.0239236620655	-0.689769995593054	0.490877542183418	0.971564493136655	-5.42156159849974	-0.688913756144087
"225"	"PTRHD1"	0.0469707441763812	12.8193039702019	0.685292246024303	0.493694140724094	0.971564493136655	-5.5175505478569	0.6844451073532
"226"	"PDE6D"	-0.0295347090652192	12.6077855124222	-0.685247051267909	0.493725070961187	0.971564493136655	-5.90323321422032	-0.684396111219542
"227"	"TIFA"	-0.0449797603526244	12.8086684473481	-0.6834370550802	0.494869373957382	0.971564493136655	-5.53108815062669	-0.6825845904982
"228"	"ODC1"	0.0512528757470791	13.2356824943237	0.677540877361432	0.498599450427448	0.971564493136655	-5.39155522794231	0.676695061596626
"229"	"NRROS"	-0.0474929369719031	12.8949167938092	-0.67390766333115	0.500901418128608	0.971564493136655	-5.47019696199592	-0.673072107086091
"230"	"NOM1"	0.0313102151193668	12.6238827908022	0.670817822421899	0.502858025058025	0.971564493136655	-5.83806613730448	0.66999963156572
"231"	"SMAD5"	0.0250385586024234	12.5532171808336	0.665844848979456	0.506033037326405	0.971564493136655	-6.03726360243521	0.66502729168176
"232"	"MTDH"	-0.0507261478934876	13.3032823619703	-0.660376075023778	0.509533824761718	0.971564493136655	-5.40007901436185	-0.659563747737325
"233"	"IMPA1"	-0.0278609669276946	12.5952879815548	-0.659925050015719	0.509813463325606	0.971564493136655	-5.94367219845651	-0.659128176729432
"234"	"OFD1"	0.0505330354601907	13.0221269150545	0.658921322220736	0.510456917461982	0.971564493136655	-5.43940071644899	0.658126393341094
"235"	"TOMM5"	0.0464924089929515	12.8928510140456	0.658915228827578	0.510460825022157	0.971564493136655	-5.48428827727576	0.658120311741764
"236"	"CDV3"	-0.0494513936658836	13.0933221131217	-0.655072076885127	0.512933853884348	0.971564493136655	-5.43031903642096	-0.654276235020488
"237"	"ATP6AP2"	-0.0445095982783587	12.8547140060505	-0.652032098316077	0.514890658991507	0.971564493136655	-5.50866304928815	-0.651241416245563
"238"	"ARMCX6"	-0.029723416064398	12.6251532988752	-0.6499952032262	0.516197853880519	0.971564493136655	-5.86663108139583	-0.649217419518524
"239"	"YBX1"	0.0259850212751654	14.6035421461396	0.64863092166421	0.517085251128774	0.971564493136655	-5.96321169089321	0.647844931451593
"240"	"RIOK2"	-0.0262427453388941	12.5934425652194	-0.638542161270053	0.523612997333941	0.971564493136655	-5.96942676903127	-0.637785995131984
"241"	"MFSD8"	0.0298333497108634	12.6402814429205	0.632367889367736	0.527641571653556	0.971564493136655	-5.83804199301288	0.631610273685974
"242"	"AIMP2"	-0.0260688169188434	12.6068979630429	-0.629695579334089	0.529393520377866	0.971564493136655	-5.96178925689976	-0.628932083835703
"243"	"PAXIP1-AS1"	0.0293949981445835	12.628919548485	0.626871523646979	0.531225116678118	0.971564493136655	-5.85233371420438	0.626136952157752
"244"	"POLR2K"	0.0469209019004154	13.0695683409368	0.626624947113826	0.531386551466273	0.971564493136655	-5.44894664146703	0.625890827210701
"245"	"GPSM2"	0.0246426557187431	12.5748180209777	0.624458902545797	0.532805744359986	0.971564493136655	-6.02176235314948	0.623728741354366
"246"	"TBC1D9B"	-0.0237034797531936	12.5675209572665	-0.618647626363895	0.536622792135826	0.971564493136655	-6.0474243754892	-0.617928013269178
"247"	"HSD17B10"	-0.042976133533716	12.9077233853578	-0.612171760508867	0.54090036659088	0.971564493136655	-5.50477164237084	-0.611452029795062
"248"	"COQ2"	-0.0224709513674774	12.5507431969211	-0.610011571440523	0.542328835612564	0.971564493136655	-6.07104077975405	-0.609295128332292
"249"	"DVL3"	-0.022356516942092	12.5546098902416	-0.609320276563442	0.542778085568255	0.971564493136655	-6.0876600300325	-0.608617374156452
"250"	"ASL"	-0.0236063857402345	12.5673433732762	-0.607109777066085	0.544250981220861	0.971564493136655	-6.02622142698745	-0.606397269471472
"251"	"C8orf59"	-0.0464231807487663	13.0959547889187	-0.605036875239944	0.545621114735491	0.971564493136655	-5.45505509707178	-0.604334738912721
"252"	"TLE4"	0.0361479539842305	12.7542026492628	0.601823651669092	0.5477548530291	0.971564493136655	-5.64425136604461	0.601127823216674
"253"	"TOP1MT"	0.0241053312604571	12.5806965738526	0.598379077127205	0.550043170728169	0.971564493136655	-6.00882038576495	0.597695436906086
"254"	"C8orf76"	-0.0223550943879203	12.561123776496	-0.594170968117893	0.552850169063182	0.971564493136655	-6.09008018993818	-0.593494639960564
"255"	"MTFR1L"	-0.0235026869458557	12.5852018591025	-0.589983086041173	0.555650667000899	0.971564493136655	-6.03762467317178	-0.589313982204644
"256"	"BCL10"	0.0324229338499342	12.7296052814596	0.589521562624381	0.555964484114504	0.971564493136655	-5.72015656686274	0.588846150139548
"257"	"UBE2E1"	-0.035611013303178	12.7543836101162	-0.588812473955535	0.556434715418688	0.971564493136655	-5.64281954571526	-0.588145380154589
"258"	"NME7"	0.0277480753228121	12.6350071304095	0.588059988775049	0.556943272417776	0.971564493136655	-5.8928711293208	0.587387819612246
"259"	"NUDCD3"	0.0283185467732449	12.6407970979061	0.585595813971571	0.558599083821605	0.971564493136655	-5.86185182799199	0.584923607954529
"260"	"HLA-E"	0.0271210550480379	14.3864552306929	0.584581393582678	0.559280308399179	0.971564493136655	-5.87946591142395	0.58391082709685
"261"	"BMP2K"	0.0343173572938994	12.7414464344954	0.583916288508354	0.559719929249802	0.971564493136655	-5.66711657965721	0.583257557912482
"262"	"WRAP73"	0.0233205498931685	12.5849548260077	0.583763242495442	0.559827075642686	0.971564493136655	-6.01512728654468	0.583098377905435
"263"	"DBF4"	-0.0339925431485757	12.712823205519	-0.583054661140499	0.560299035817022	0.971564493136655	-5.71063821034394	-0.582397394985562
"264"	"SNX4"	-0.0251008732252473	12.6052693122027	-0.581746470057589	0.561183833275493	0.971564493136655	-5.95537777421457	-0.58108401231194
"265"	"CYBB"	0.0325888076966677	12.6856178253822	0.580297696415639	0.562160585275503	0.971564493136655	-5.74232444722354	0.57963529641259
"266"	"NCL"	0.0436761061598817	13.5279479037101	0.57745818203903	0.564072825988753	0.971564493136655	-5.47817619659929	0.576802580753381
"267"	"ABCB4"	-0.0279050142513434	12.6538667633966	-0.570707227790822	0.568629740268643	0.971564493136655	-5.83743926840151	-0.570070709749557
"268"	"GGPS1"	-0.0308286293143974	12.6857158776565	-0.570501171369423	0.568769268006138	0.971564493136655	-5.75969678453246	-0.569864995833406
"269"	"KCMF1"	0.0277775361873924	12.6472009553953	0.569000436200365	0.569785961943798	0.971564493136655	-5.84085255270126	0.568366751496969
"270"	"DUSP22"	0.0315341616392474	12.7019299244934	0.568638241005492	0.570031466581557	0.971564493136655	-5.73022964267632	0.568005156485169
"271"	"SRGAP2"	-0.0206764006879863	12.5532232511335	-0.563658352186111	0.573412085003121	0.971564493136655	-6.11824134573101	-0.563033481706109
"272"	"ACSL1"	-0.0272801661580005	12.6327945800638	-0.563138721556539	0.573769571534262	0.971564493136655	-5.87240778581346	-0.562508562342117
"273"	"THAP1"	0.026243560933099	12.622740350487	0.556070572326793	0.578586209400673	0.971564493136655	-5.90413139473721	0.555451011203309
"274"	"COX17"	0.0432489301020006	13.2542940757789	0.55281978808085	0.580809436751237	0.971564493136655	-5.46030955008733	0.552202770032871
"275"	"INPP5D"	-0.0411176155674349	13.1503987565615	-0.546032022096404	0.585453917547314	0.971564493136655	-5.479711501481	-0.545435663896547
"276"	"ELOC"	0.0402949235346693	13.0291658877572	0.544357387986418	0.586604095642428	0.971564493136655	-5.49790298989978	0.543763693790446
"277"	"TCOF1"	-0.0359655913329691	12.8043374529593	-0.539758583169434	0.589768064631907	0.971564493136655	-5.6150232052195	-0.539172165260553
"278"	"MRPS17"	-0.025182430524388	12.6386418656325	-0.539277621739127	0.590099421287468	0.971564493136655	-5.89613880674925	-0.538691961483924
"279"	"PLEKHO1"	0.0367384984174698	12.8804768516442	0.534565078593852	0.593350660581145	0.971564493136655	-5.56563877953176	0.533986808806488
"280"	"REV3L"	0.0334226232911825	12.821484528859	0.532740049806937	0.594611980584479	0.971564493136655	-5.62785621070052	0.532164626037282
"281"	"RNF13"	0.0313001158217004	12.7269513738684	0.531743056637035	0.595301545490757	0.971564493136655	-5.71234993389369	0.531169183838566
"282"	"RWDD4"	0.0287115571805534	12.6898912552351	0.52469130043188	0.600189290929463	0.971564493136655	-5.7938580597272	0.524128321963998
"283"	"ATP5MC3"	-0.039406065959888	13.3128762764712	-0.520966278444468	0.602778537397045	0.971564493136655	-5.48577001626857	-0.520409001637771
"284"	"MPLKIP"	0.0356808511675474	12.8719592555255	0.513526670066006	0.60796484096716	0.971564493136655	-5.57375261385501	0.512980671875229
"285"	"NSD1"	0.0361086236241139	12.9156274331413	0.511188690307676	0.609598814374957	0.971564493136655	-5.55126957983894	0.510646206880381
"286"	"NINJ1"	0.0308658983616633	12.7383399869683	0.511120233808175	0.609646686982227	0.971564493136655	-5.70174436287281	0.5105778530814
"287"	"TRIM26"	-0.0207289991889413	12.5849433639381	-0.510960458880468	0.609758426402904	0.971564493136655	-6.05917411837438	-0.510418317805944
"288"	"RIPK2"	0.0241453303879201	12.6382476273284	0.507648090805721	0.612077005089718	0.971564493136655	-5.90668170417911	0.507110903300823
"289"	"RPS12"	-0.0115046254364136	15.4375560644272	-0.50637151072791	0.612976586252301	0.971564493136655	-6.6128778004219	-0.505829159684729
"290"	"MTHFD2L"	-0.0200389359237919	12.5897817612591	-0.498782844498465	0.618308107683759	0.971564493136655	-6.073407132137	-0.498249626872433
"291"	"SEPT7"	0.0331561829455441	13.8855567793221	0.496900953726109	0.619632853579978	0.971564493136655	-5.60587613101783	0.49637075629188
"292"	"NOL10"	0.0188821211655252	12.5668732070912	0.494932326664691	0.621017408724106	0.971564493136655	-6.10775330531842	0.494408929816668
"293"	"GMEB1"	-0.0234835009659305	12.6431537885764	-0.491515468863631	0.623429964556015	0.971564493136655	-5.89299368746629	-0.490995027412693
"294"	"PTK2B"	-0.0227448450417088	12.6287406989202	-0.490280453467612	0.624301517683028	0.971564493136655	-5.95261592021098	-0.489763138407707
"295"	"XRN1"	-0.0320928220193332	12.8244787851223	-0.485621887063427	0.627598161203595	0.971564493136655	-5.62694344737091	-0.485110222337345
"296"	"TKT"	-0.0313706133452057	12.8035790159639	-0.484465238293222	0.628416950567766	0.971564493136655	-5.63360488672981	-0.483956204992846
"297"	"DTNBP1"	-0.0294005803200325	12.7519636731715	-0.481577590302059	0.630460760816425	0.971564493136655	-5.70399083983709	-0.481078425659649
"298"	"GATAD2B"	-0.0282696560495008	12.7323513208462	-0.480424504487517	0.631279313895301	0.971564493136655	-5.73463093835991	-0.479926982837186
"299"	"TOR1A"	-0.023121847060867	12.6537988567587	-0.474241080072445	0.635676543051703	0.971564493136655	-5.89424264835217	-0.473752314252199
"300"	"ATP2C1"	-0.0180846859658405	12.5727071021645	-0.46611249248292	0.641476715679803	0.971564493136655	-6.13323315397906	-0.465635098061475
"301"	"NPM1"	0.0241014224066824	14.2594073443561	0.4658820700965	0.641641457289322	0.971564493136655	-5.86661251096319	0.465404995747143
"302"	"LEPROTL1"	0.0258117313184063	12.7124767561728	0.465530134039224	0.641895974761737	0.971564493136655	-5.77843285890205	0.46504954771665
"303"	"POLE4"	-0.034125190457557	12.9799762681623	-0.464333377776799	0.642753484650733	0.971564493136655	-5.54514850778465	-0.463852418717204
"304"	"LAT2"	0.0335905227801864	12.9752473450658	0.461970507832026	0.644445810782057	0.971564493136655	-5.53974834902955	0.461491789349591
"305"	"TRA2B"	-0.0344392240982925	13.2364449250033	-0.46135575806713	0.644881152889517	0.971564493136655	-5.5072813774827	-0.460884945871792
"306"	"EDEM1"	-0.0304668804148215	12.8139679400516	-0.460741031174973	0.645321666886385	0.971564493136655	-5.64098296244054	-0.460271065770343
"307"	"KIAA0232"	-0.0237396762794562	12.6629657556867	-0.457631732912021	0.64755170773235	0.971564493136655	-5.86161418305462	-0.457166037169877
"308"	"AZIN1"	0.0305071397167829	12.8557059870285	0.456093347045868	0.648660506908311	0.971564493136655	-5.6095863032053	0.455623826010863
"309"	"PDLIM7"	0.0222438737108889	12.6470655495411	0.449395178907205	0.653474444906471	0.971564493136655	-5.90811873527134	0.448940686175487
"310"	"TMEM14B"	-0.0313954895564779	12.9173584465135	-0.446465846624895	0.655586193284711	0.971564493136655	-5.57920506997552	-0.446015301061658
"311"	"TMUB1"	-0.028954826986124	12.7973316623141	-0.443222878503525	0.657927272380879	0.971564493136655	-5.66159261852999	-0.442776680207489
"312"	"FNTA"	-0.0271152747195943	12.7734033851457	-0.437119147272731	0.662342661336889	0.971564493136655	-5.70520385190768	-0.436681067575947
"313"	"C1orf131"	-0.0255432811010436	12.7327448077854	-0.436132093349824	0.663057802588316	0.971564493136655	-5.74576421103543	-0.435695318798044
"314"	"TMF1"	-0.0313105539799926	12.9578125257753	-0.434362223684991	0.664345103936216	0.971564493136655	-5.55861863167655	-0.433921971682374
"315"	"BCAR3"	0.0208366834469212	12.6356173841369	0.433345027215444	0.665081749333373	0.971564493136655	-5.93617725500326	0.43290780530289
"316"	"HSF1"	0.0279003622963075	12.7957546484405	0.431003993242301	0.666781592360158	0.971564493136655	-5.66450909582179	0.430569265943179
"317"	"SERINC1"	-0.0230795973020346	12.7041268913446	-0.419076986363826	0.675462857363886	0.971564493136655	-5.79728972908932	-0.418662429102494
"318"	"GRSF1"	0.0245109364034974	12.7299361440822	0.418562073809107	0.675841976317803	0.971564493136655	-5.75046094996853	0.418143808828893
"319"	"TBPL1"	-0.0247037495861936	12.7391568864034	-0.417487830477951	0.676626958523255	0.971564493136655	-5.74199243959839	-0.417070340326374
"320"	"SSBP2"	-0.0181709803769747	12.6166910558151	-0.41318570374562	0.679768775369394	0.971564493136655	-6.03177325098971	-0.412778676878457
"321"	"EIF3I"	0.0302251141284712	13.136690612086	0.412006462394472	0.680637208250045	0.971564493136655	-5.52721706087211	0.411593756997002
"322"	"TRAF1"	-0.0241846420358237	12.7411784257986	-0.410817830422448	0.681502417602145	0.971564493136655	-5.77357384943212	-0.410413809810756
"323"	"TOMM70"	0.0176799342602408	12.6072781291678	0.410288051680509	0.681890527865567	0.971564493136655	-6.05132422577988	0.409884702084864
"324"	"SEMA4D"	-0.0175047892818526	12.6004595612198	-0.408866917180071	0.682935101573136	0.971564493136655	-6.05535670732207	-0.408461212168228
"325"	"GPAT4"	-0.0194163381258997	12.647314794106	-0.401558869147368	0.688297548388951	0.971564493136655	-5.9308293405372	-0.401166492885091
"326"	"RANBP6"	-0.0164892043820246	12.5846240545604	-0.401050688360813	0.688674524305129	0.971564493136655	-6.09813453088166	-0.400654486408395
"327"	"ZDHHC12"	0.0263739855372826	12.8099238949088	0.400930893469862	0.688759342994733	0.971564493136655	-5.66151860676641	0.40053930063988
"328"	"AKAP17A"	0.0243762171826229	12.7590976097614	0.399590927091899	0.68974840001604	0.971564493136655	-5.7152378818019	0.399196529763639
"329"	"CPNE3"	-0.0217786686004524	12.6967667848093	-0.394417548296007	0.693560416704195	0.971564493136655	-5.82644654576486	-0.394027932728327
"330"	"TRUB2"	-0.0199569321229302	12.6585706940736	-0.392746544047477	0.694788476978522	0.971564493136655	-5.89184611063875	-0.392365089192973
"331"	"ISCA1"	-0.0248025957990861	12.7902987073868	-0.39042409300006	0.696502908887232	0.971564493136655	-5.69312185369355	-0.390045490695792
"332"	"THOC3"	-0.0167139230621961	12.6018049227902	-0.389249742513507	0.69737040789604	0.971564493136655	-6.05310329657451	-0.38887257855996
"333"	"RNF220"	-0.0160646973527188	12.5959225855109	-0.388188690472462	0.698154554821296	0.971564493136655	-6.07741264375829	-0.387812823773715
"334"	"GEMIN6"	-0.0170238074849774	12.6219448356248	-0.385099478426092	0.700439410292003	0.971564493136655	-6.02496971543721	-0.384727376111324
"335"	"LRWD1"	-0.0163710146373767	12.5987368080056	-0.384797037502964	0.700663249759028	0.971564493136655	-6.07223521390243	-0.384425302731875
"336"	"CXCL3"	-0.0151721313899721	12.5810522023416	-0.38447279557199	0.700909129768656	0.971564493136655	-6.12935542739866	-0.384093525864585
"337"	"CNST"	0.0173921820521066	12.6212354511089	0.37800570526587	0.705696427964718	0.971564493136655	-5.99862542762846	0.377642177248078
"338"	"ELOA"	-0.017939322005146	12.6456579541393	-0.373425974357117	0.709100763347055	0.971564493136655	-5.95020923187184	-0.373064064646741
"339"	"RAB1A"	0.0230626821505796	12.7766863075453	0.372934768639295	0.70946306208182	0.971564493136655	-5.71706122289837	0.372577311017911
"340"	"COPB2"	0.0206661622119701	12.6953817071405	0.371147316141736	0.710797433719494	0.971564493136655	-5.82242124703187	0.370785323289798
"341"	"DEK"	0.027864263358719	13.0987592895485	0.371079663178575	0.71084280420388	0.971564493136655	-5.55483536165176	0.370724414182473
"342"	"METTL5"	-0.0221105108764539	12.7490377840722	-0.369681401560494	0.711883396900598	0.971564493136655	-5.74470010554435	-0.369327813029936
"343"	"ARHGEF2"	0.0221005679080329	12.7360125692072	0.369147451170318	0.712283627951677	0.971564493136655	-5.76515654407563	0.368790846499566
"344"	"NONO"	0.0261191038758876	12.9732443837375	0.366438869430247	0.714298577710065	0.971564493136655	-5.58671442920909	0.366089117475906
"345"	"MRFAP1"	-0.0253890602084344	12.8675550606258	-0.365506564452516	0.714993533543212	0.971564493136655	-5.63169409872059	-0.36515791200197
"346"	"HNRNPD"	-0.0253300984564018	12.918209440115	-0.365347324150651	0.715116463616557	0.971564493136655	-5.6002386023764	-0.364993224932701
"347"	"NCF1"	0.0256778821424155	12.9069725363091	0.3641099120517	0.716037816544638	0.971564493136655	-5.60917898948706	0.363759220758194
"348"	"ARPC4"	0.0267877185392955	13.0942950344854	0.361347759629546	0.718096462569504	0.971564493136655	-5.55816476465599	0.3610039923691
"349"	"HBS1L"	-0.016644224395174	12.6281751128736	-0.355026857279732	0.722821502643934	0.971564493136655	-5.98055275380079	-0.354690454722213
"350"	"ABHD17B"	-0.0145819904425679	12.5974380033496	-0.352742310550154	0.724536067197896	0.971564493136655	-6.0947895294453	-0.352402980319273
"351"	"RNF4"	-0.0179323391739203	12.663215174362	-0.352278548963465	0.724879265727683	0.971564493136655	-5.89786803473862	-0.351945326172334
"352"	"PPIL4"	-0.0188797210510725	12.6932876822621	-0.350614353033311	0.726126285233838	0.971564493136655	-5.85485596832527	-0.350283049172659
"353"	"DCAF6"	0.0155463463191851	12.6097062723274	0.349152023779945	0.727222644128071	0.971564493136655	-6.04272200618601	0.3488224020418
"354"	"SLF1"	0.0141616633842497	12.581098002197	0.347956813291903	0.728119151994945	0.971564493136655	-6.12751010318624	0.347628563611993
"355"	"PINX1.1"	0.013819567574454	12.5758930741976	0.346667259769059	0.729091013987215	0.971564493136655	-6.1515202859173	0.346334938923802
"356"	"CSNK1A1"	0.0256177233527353	13.0900342022969	0.34152168571668	0.732957162088938	0.971564493136655	-5.55619996251632	0.341194501879836
"357"	"PSMA5"	-0.024893345684335	12.990558265565	-0.339947404174957	0.734141137434651	0.971564493136655	-5.57799019497926	-0.339622094100841
"358"	"RAP1A"	-0.0248435219591208	13.0158853084638	-0.336829529299663	0.736486719290162	0.971564493136655	-5.57331929396968	-0.336509459699264
"359"	"BDP1"	-0.0246053266858821	13.0353826242572	-0.334099988061933	0.738539943146644	0.971564493136655	-5.58016524052481	-0.333787464764538
"360"	"NT5C3A"	0.0232921369808066	12.8897313257196	0.333104650860252	0.739294430637462	0.971564493136655	-5.62236981591728	0.332787849549972
"361"	"ANAPC4"	0.0124420378576179	12.5658127858408	0.333073335322286	0.739313971697339	0.971564493136655	-6.20399011926248	0.332761964157599
"362"	"ARFGEF1"	0.0153734831524089	12.6241249042643	0.330807694042097	0.741023054491698	0.971564493136655	-6.00062543195536	0.330498859174727
"363"	"SGK1"	-0.0202283959477656	12.7465510602877	-0.330108441940793	0.741550794086699	0.971564493136655	-5.79217631010814	-0.329800388127078
"364"	"TRAK1"	-0.0140016166739092	12.5981009743647	-0.328104607194888	0.74306380443203	0.971564493136655	-6.0947720951539	-0.327798787131034
"365"	"FBXO9"	0.01643711253805	12.6479775901126	0.32475899361975	0.745592156465628	0.971564493136655	-5.93683026135079	0.324456888251847
"366"	"ANKRD13C"	0.013395252425166	12.5812334398138	0.324200324803408	0.746014623790808	0.971564493136655	-6.1556681350875	0.323898837944601
"367"	"LY86"	-0.0199202750436808	12.7451642574469	-0.322144589524005	0.747569837992212	0.971564493136655	-5.76914199849684	-0.321845374208484
"368"	"GNL2"	0.016418204252733	12.6697783273247	0.320468261844244	0.748841591086817	0.971564493136655	-5.89551328923751	0.320167193469681
"369"	"FOXN2"	0.0117041120518884	12.55554843306	0.320163819948678	0.749069316408935	0.971564493136655	-6.2214166750909	0.319866786846312
"370"	"USO1"	-0.0164390793195338	12.6710180297731	-0.319041656629272	0.749921817464233	0.971564493136655	-5.89861704629831	-0.318742455737823
"371"	"ODF2L"	0.0201067222027606	12.7982056815821	0.318948808068573	0.749989574851238	0.971564493136655	-5.73303877806535	0.318653110407409
"372"	"XRCC5"	-0.0239860976640459	13.0811640684151	-0.316653564323087	0.751728983726962	0.971564493136655	-5.57497005102362	-0.31636038293326
"373"	"SMIM4"	0.0173362276202012	12.7030913497532	0.314312837252386	0.753506986329608	0.971564493136655	-5.83667514579244	0.314018502169576
"374"	"GIGYF2"	-0.0144749188115535	12.624567956082	-0.312252041757973	0.755068139435112	0.971564493136655	-6.01587421568639	-0.311963662267213
"375"	"THAP6"	0.0126013716520237	12.5811130407004	0.311894828437255	0.755339337377813	0.971564493136655	-6.15258005928012	0.311606837308947
"376"	"OSBPL11"	0.0136903672508941	12.6092343044037	0.308189029759908	0.758154578619049	0.971564493136655	-6.0460969292603	0.307905055778657
"377"	"ZDHHC21"	0.0143510560151783	12.6424221397705	0.305419560129258	0.760260613165832	0.971564493136655	-5.9985646055674	0.30513857434919
"378"	"PRPF38B"	0.0231169932459326	13.2011420570644	0.302321676633159	0.762620648892869	0.971564493136655	-5.55967491563331	0.302041208933668
"379"	"STK19"	0.0114897245802666	12.5704127596303	0.301338524611137	0.763367277564145	0.971564493136655	-6.20327013560191	0.301061920685623
"380"	"PWWP2A"	-0.0142782880321847	12.62767205024	-0.300615045203642	0.7639184235245	0.971564493136655	-6.0009803692768	-0.300339215435286
"381"	"NAPRT"	-0.0111370514466279	12.5564134914923	-0.299701201018364	0.764617745005538	0.971564493136655	-6.21602619798824	-0.299422436662972
"382"	"PPP6C"	0.0169591238753506	12.7284178379172	0.298570033464794	0.765476961089426	0.971564493136655	-5.82309114434503	0.298296387670358
"383"	"SRSF3"	0.020357197785041	13.7785256420211	0.295788484296501	0.767598357555949	0.971564493136655	-5.64768879630495	0.295517798963321
"384"	"IMPDH2"	0.0201542701647754	12.8727853815589	0.295708321597593	0.767659521058917	0.971564493136655	-5.66191235246641	0.295437721411637
"385"	"BIN3"	0.0140046032234144	12.6468372939436	0.294072367820401	0.768908057991037	0.971564493136655	-5.97313115815112	0.293803503222253
"386"	"ARHGAP15"	-0.0146108752119633	12.652537286454	-0.293419278741301	0.769409625796589	0.971564493136655	-5.94662465197326	-0.293147218930543
"387"	"LRRFIP2"	0.0151918858518646	12.6701837869203	0.292072115444969	0.770435441076184	0.971564493136655	-5.90073124043658	0.291805367528806
"388"	"DMTF1"	-0.0168283513144143	12.7350653145534	-0.29100489003297	0.771252797748217	0.971564493136655	-5.8099858260158	-0.290736573358877
"389"	"DR1"	0.020113731782081	12.9147848580282	0.27637700121138	0.782450784186226	0.971564493136655	-5.63263628991557	0.276126660628588
"390"	"STK10"	-0.0159254947691671	12.7235457129164	-0.275108356745435	0.78342699613854	0.971564493136655	-5.80717783339367	-0.27485583908339
"391"	"COPG1"	-0.0106799275479262	12.5712790896134	-0.272373790043342	0.785526267494358	0.971564493136655	-6.17462600339048	-0.272124531693159
"392"	"MZT2A"	-0.0198597096901058	13.0212190689887	-0.272337979130262	0.785553665655805	0.971564493136655	-5.59752148844053	-0.272088898118725
"393"	"NRAS"	-0.0160090550699553	12.7512648908789	-0.268344397941076	0.788620559773097	0.971564493136655	-5.79890874150115	-0.268102320405274
"394"	"UTP11"	0.0137513405154524	12.653138447088	0.26735595287427	0.789382781231509	0.971564493136655	-5.93464767433771	0.26711219129053
"395"	"SIT1"	-0.0101776895067268	12.5693325268814	-0.266080162520053	0.790366257428088	0.971564493136655	-6.18982795256149	-0.265835037928739
"396"	"SMAP2"	-0.0188277152613835	12.915742634413	-0.265193426927446	0.791046757936055	0.971564493136655	-5.6422273740775	-0.264951586109364
"397"	"CSNK1G3"	0.0168402966277631	12.7773676093935	0.262001842028101	0.793501678181528	0.971564493136655	-5.73710526163509	0.261766227177627
"398"	"CETN2"	0.0147960398333841	12.7447179734122	0.255012497637148	0.798893386882608	0.971564493136655	-5.8043195514511	0.254779529295949
"399"	"MUC20-OT1"	-0.0178336141753626	12.8832846914447	-0.254484942217999	0.799299406799588	0.971564493136655	-5.65266379046937	-0.254253906962129
"400"	"HNRNPH1"	0.0189675551487639	13.0689293514953	0.25201879451719	0.801200879154772	0.971564493136655	-5.59837467967099	0.251793244607418
"401"	"ANXA1"	0.011923838312252	12.6374719333888	0.247772522182665	0.804481660940408	0.971564493136655	-5.9914375112039	0.247551214684455
"402"	"PAG1"	0.0108398933726645	12.6042353475132	0.247396474738264	0.804772372902166	0.971564493136655	-6.08196806479068	0.247175541853768
"403"	"RPIA"	-0.0160910303928783	12.7886880517985	-0.246350472069868	0.805583653881826	0.971564493136655	-5.72410602581969	-0.246127347480804
"404"	"BIRC6"	-0.0155975722915068	12.7810017364362	-0.245330098855731	0.806370314545236	0.971564493136655	-5.74297705729779	-0.24511122132699
"405"	"LAX1"	0.00996995682134856	12.5872934738482	0.244300869284751	0.807168073602496	0.971564493136655	-6.13472691680828	0.244081017817561
"406"	"DMAP1"	0.0105352938970793	12.613351449311	0.240145400202015	0.810383239145154	0.971564493136655	-6.06583574330966	0.239931656559343
"407"	"SPCS1"	-0.0180631308222764	13.4067082960548	-0.238555318558505	0.811614962143642	0.971564493136655	-5.58790872847117	-0.238343142856952
"408"	"UQCRC1"	-0.013858519578699	12.7365432238309	-0.235861003680463	0.813705642455182	0.971564493136655	-5.80278048189141	-0.235648233318758
"409"	"PNRC2"	0.0176403235977249	13.1027522132175	0.233981213752856	0.815160799003202	0.971564493136655	-5.5937418692862	0.233773531572399
"410"	"NDUFS5"	-0.0179640050904513	13.3098274137941	-0.232358280007526	0.816419813126417	0.971564493136655	-5.58066401076212	-0.232152186208971
"411"	"ASF1A"	0.01081407826083	12.617177053492	0.232146964619195	0.816585356852624	0.971564493136655	-6.0436973780858	0.231939046192292
"412"	"TOP2B"	0.0130985308726729	12.7294676381001	0.226700643941433	0.820814998708949	0.971564493136655	-5.80395716242072	0.226496863126816
"413"	"TNFRSF10B"	-0.00915911173682796	12.5797941676622	-0.225932020599735	0.821409723187303	0.971564493136655	-6.17288955498328	-0.225732186142756
"414"	"ZRANB2"	-0.0160003186827095	12.9733722970459	-0.222482909664444	0.824092508227027	0.971564493136655	-5.62512527669616	-0.222284383448963
"415"	"ACP1"	-0.0158634234278677	13.0220065898062	-0.217140956255658	0.828249330458375	0.971564493136655	-5.60629955752456	-0.216947408791979
"416"	"KLHDC3"	-0.0135483522116659	12.7506810584815	-0.216659320521426	0.828622626847764	0.971564493136655	-5.7820253781932	-0.216468435308774
"417"	"CWC27"	-0.00928055951034836	12.6048583920929	-0.212681616123685	0.831721236330884	0.971564493136655	-6.10322025937644	-0.212494540826494
"418"	"COA5"	-0.00943315722538195	12.6132860506901	-0.212245677426633	0.832060990954211	0.971564493136655	-6.09894072198068	-0.212059018641354
"419"	"NUP210"	0.0102131699607664	12.6390952675827	0.212088718810447	0.832185502957777	0.971564493136655	-6.00525932415655	0.211899420175291
"420"	"MAEA"	0.0100565490470469	12.6339288647263	0.207711090009468	0.835596940752544	0.971564493136655	-6.00462407661776	0.207528751747848
"421"	"CKS1B"	0.0103399908211036	12.6453805929327	0.206113802268112	0.83684489162597	0.971564493136655	-5.96839727127427	0.205930895366374
"422"	"FDFT1"	0.00987971329676413	12.6388421345401	0.204876816564288	0.837809963689269	0.971564493136655	-5.99391320482183	0.204695593119758
"423"	"PARP15"	-0.00904477988810765	12.6173835891096	-0.204750854731727	0.837909235683423	0.971564493136655	-6.08123605556115	-0.204568541686167
"424"	"SMN1"	-0.00871725966028122	12.5972207122949	-0.204748964398069	0.837911312211367	0.971564493136655	-6.0923226288022	-0.204565884115384
"425"	"PARP8"	-0.00939854364372567	12.6411562871094	-0.202759229105519	0.839463597337039	0.971564493136655	-6.02468670720145	-0.202579649753177
"426"	"NDUFC1"	-0.0146911391808523	12.9761965272818	-0.200791446808527	0.840999111972036	0.971564493136655	-5.62814179407582	-0.200615660170026
"427"	"SLC25A36"	0.0111226474250074	12.7294886433938	0.199694462650178	0.841856925410846	0.971564493136655	-5.8565648739576	0.19951881699797
"428"	"PEX13"	-0.00786211388015302	12.5769256635133	-0.199491422236916	0.842014890595122	0.971564493136655	-6.20604456677786	-0.199316861019034
"429"	"RPS7"	-0.00579239660027203	15.1116297901323	-0.198165751092504	0.843053298069803	0.971564493136655	-6.46280916624023	-0.197989475504509
"430"	"ARMC8"	-0.0106770862457436	12.7114843595921	-0.195556697373479	0.84509339073541	0.971564493136655	-5.89026616900035	-0.195382659485478
"431"	"LRIF1"	0.00901410397105175	12.6230735199304	0.192165061474428	0.847745873519019	0.971564493136655	-6.02727847377828	0.191995317205331
"432"	"CCDC50"	0.0148576450291778	13.122123124411	0.19205256163022	0.847833715008925	0.971564493136655	-5.59475498297496	0.191883177481306
"433"	"SET"	-0.0143330776498299	13.4416652070292	-0.191854930038802	0.847986972037398	0.971564493136655	-5.60005644011348	-0.191687533105512
"434"	"HUS1"	-0.00837155901169421	12.6109909244389	-0.191174347942404	0.848520764541296	0.971564493136655	-6.10525059516997	-0.191006163176278
"435"	"AURKAIP1"	0.0142515901139257	13.1763120745664	0.186844458702977	0.851910180353181	0.971564493136655	-5.58957062196877	0.186681731610141
"436"	"DPY30"	0.0122580790175561	12.8075297664462	0.185924403552953	0.852630988676389	0.971564493136655	-5.71848232021383	0.185762531376083
"437"	"CDC26"	-0.0123916035454558	12.8419187634862	-0.184833660720185	0.853485680838287	0.971564493136655	-5.69222930453145	-0.184672801034137
"438"	"NUDCD2"	0.0113424638279805	12.7735872032015	0.184448414060207	0.853787596570298	0.971564493136655	-5.76675364122251	0.184287911717033
"439"	"MIIP"	-0.00796006615589839	12.6259612547816	-0.183121652128403	0.854830100626312	0.971564493136655	-6.09269519069523	-0.182959112372331
"440"	"ZBTB24"	-0.0105282139752616	12.7267166706814	-0.182931307134455	0.854976753960257	0.971564493136655	-5.83591959869807	-0.18277221067268
"441"	"TMEM156"	0.0110384549358535	12.7680424306475	0.179907528243789	0.857347874601334	0.972049744445957	-5.77716439485182	0.17975122755656
"442"	"NBDY"	0.0117795525596219	12.8065528813808	0.176003522391112	0.860413001106886	0.973317874555301	-5.71512851006291	0.175848455041765
"443"	"BTF3L4"	-0.0122498471128702	12.9190874286918	-0.172791619061452	0.862934381606305	0.973966570661744	-5.64825307962599	-0.172640034202579
"444"	"DHX16"	-0.00683981329450272	12.5838958962543	-0.168405235324998	0.866380456398836	0.975653667115806	-6.16290507293462	-0.16825781882774
"445"	"RBM27"	-0.00580878873682335	12.568509027427	-0.152669115685213	0.878764348078675	0.983465990822782	-6.222375820648	-0.152535810642725
"446"	"AP5Z1"	-0.00679338633900089	12.6186176379429	-0.151955503255249	0.879325222170211	0.983465990822782	-6.08815305574909	-0.151824672125774
"447"	"RASA2"	0.00751724020579506	12.6774762994301	0.151065480625014	0.880027513587698	0.983465990822782	-5.97696004187958	0.150934337207467
"448"	"MARCH3"	-0.00797878254655532	12.6869839333804	-0.149595226864372	0.881185527777212	0.983465990822782	-5.9234318284793	-0.14946651742728
"449"	"PARL"	-0.00907262467723023	12.7771352328459	-0.144702761908944	0.885045272931298	0.985573800591646	-5.76855237620705	-0.144576474184182
"450"	"HERPUD2"	0.00803317135033545	12.7467025947005	0.134511986684818	0.89308885986276	0.989596898934689	-5.81073982559614	0.134396739354585
"451"	"MCCC2"	-0.00752649871301402	12.7135523362934	-0.130924723025439	0.89592453418636	0.989596898934689	-5.8572416512082	-0.130811362596067
"452"	"SREK1"	-0.0090980077463532	12.9081008344549	-0.12929623248855	0.897210787474549	0.989596898934689	-5.66640962681767	-0.129185603523507
"453"	"RPS20"	0.00373657567034802	15.1235838027223	0.127646459239869	0.898515163081637	0.989596898934689	-6.49868085249794	0.127537287362107
"454"	"SLC35F6"	0.00499068452399868	12.5751735270239	0.127598495124538	0.898553984232698	0.989596898934689	-6.20133235041473	0.127488235098524
"455"	"RNF11"	-0.00555534064051476	12.6294242179297	-0.11656375158013	0.907284559224628	0.990050981836616	-6.03855050632139	-0.116464323680482
"456"	"HNRNPR"	0.00882594705952762	13.0618737435146	0.116195712282462	0.907575978100807	0.990050981836616	-5.61543682561785	0.116096606687788
"457"	"TMEM243"	0.00880922037340837	13.1912259975989	0.115007904825393	0.90851658644661	0.990050981836616	-5.59903771881178	0.114909838895099
"458"	"EXOC3"	-0.0040473633948769	12.5482674235428	-0.113038993160865	0.910077319986776	0.990050981836616	-6.27005140476375	-0.112941013847569
"459"	"FAM98A"	0.00457772239943964	12.5852735029526	0.111715853030949	0.91112485797942	0.990050981836616	-6.15967503912914	0.111619817681963
"460"	"RPL26L1"	0.00603400678861872	12.729486253197	0.106520597633309	0.915241241549304	0.990050981836616	-5.8523180530554	0.106429937154635
"461"	"CAPZA1"	0.00818447194685159	13.2924531012176	0.106479515927967	0.915275014480548	0.990050981836616	-5.58460479974755	0.106387368746533
"462"	"LIX1L"	-0.00420724871178969	12.5824225838917	-0.105466220796171	0.916077080344073	0.990050981836616	-6.18731310847333	-0.105376477529193
"463"	"ABRACL"	0.00589208750044868	12.7285475698376	0.102066547312918	0.918772742516808	0.990050981836616	-5.83397627813065	0.101979757452849
"464"	"AC103591.3"	0.00403041850635261	12.590983807217	0.0999818201942406	0.920426226350173	0.990050981836616	-6.16638666568981	0.0998968384477614
"465"	"MOB4"	-0.00602316530609338	12.8483227104569	-0.0880557066464536	0.929892453911925	0.990050981836616	-5.69586368948905	-0.0879801488019569
"466"	"TRNAU1AP"	-0.00459924015091453	12.6698666389135	-0.0868889919938383	0.930818311941934	0.990050981836616	-5.93782575203611	-0.0868153175607228
"467"	"ATP6V1C1"	-0.00413219841553368	12.6390474105503	-0.0860265537289036	0.931503285511897	0.990050981836616	-6.0252232004448	-0.0859536213583028
"468"	"PLOD3"	-0.00314087584096966	12.5683764775218	-0.0822377584348036	0.93451305426577	0.990050981836616	-6.2368912736413	-0.0821680822530634
"469"	"PBRM1"	0.0052354874907547	12.8094668124766	0.0790383172961716	0.937056061569491	0.990050981836616	-5.73338542169465	0.0789705324145596
"470"	"TEX264"	-0.00349398646328946	12.6747681231643	-0.0678390481309664	0.945959912351948	0.990050981836616	-5.94501750550965	-0.0677810708807356
"471"	"RPL10A"	0.00197762855237081	15.0695023049233	0.0654619770438979	0.947850799305279	0.990050981836616	-6.46266508258246	0.0654059343073511
"472"	"STRBP"	-0.00411877748390964	12.7707642787667	-0.0653543542435542	0.947935843364244	0.990050981836616	-5.77441077217991	-0.0652991195288452
"473"	"BSDC1"	-0.00381632829578189	12.7835347415152	-0.059165943354603	0.952860254989721	0.990050981836616	-5.7578842516134	-0.0591153217532945
"474"	"DPH2"	0.00250060040036096	12.6055321498456	0.0580023955649603	0.953785732657019	0.990050981836616	-6.12418199406866	0.0579534186497792
"475"	"OTUD6B"	-0.00215226291090212	12.5670731875494	-0.0571203787648513	0.95448772013925	0.990050981836616	-6.22873953022855	-0.0570721514975953
"476"	"DHX29"	-0.0026409923659893	12.6315543179917	-0.0566400407229756	0.954870609636393	0.990050981836616	-6.0369403197647	-0.0565914950740793
"477"	"FUNDC1"	-0.0021751998497607	12.5836090568463	-0.0532852553724178	0.957540458238403	0.990050981836616	-6.19355264447268	-0.0532402851094238
"478"	"MAP3K13"	0.00292667083911569	12.696405388334	0.0523615385392064	0.958276191749263	0.990050981836616	-5.88462946385477	0.0523168946727485
"479"	"SGK3"	-0.00224859430718274	12.5977823761639	-0.0519353915792084	0.958615461747101	0.990050981836616	-6.14178559453628	-0.0518911052046528
"480"	"NQO2"	-0.00216417437294997	12.5974505416178	-0.0514505791170416	0.959001439625266	0.990050981836616	-6.1310054969793	-0.0514067080079336
"481"	"UBA6"	-0.003226895482408	12.7530618667305	-0.0509876215097679	0.959369665478099	0.990050981836616	-5.80075345383087	-0.0509446006152557
"482"	"MRPL32"	0.00316719683904416	12.8031847437328	0.0503020920836195	0.95991547571755	0.990050981836616	-5.74844620358066	0.0502596525431156
"483"	"YPEL5"	0.00341177272257936	13.1103355384978	0.0441476174847332	0.96481640921874	0.990050981836616	-5.612095519285	0.0441103920148864
"484"	"EPC2"	-0.00181995109351149	12.6069915055371	-0.0415006325010038	0.966924989696748	0.990050981836616	-6.10387481211276	-0.041465257277412
"485"	"MSL3"	-0.00251515953663982	12.823128081655	-0.0386270680072663	0.969213677558153	0.990050981836616	-5.75799525816422	-0.0385945123336541
"486"	"MIR4435-2HG"	-0.00152873401290144	12.5759901766362	-0.0385158063709042	0.969302646066304	0.990050981836616	-6.20761348693391	-0.0384829240079956
"487"	"PCMTD1"	-0.00229587967960939	12.7577671340059	-0.0371527222473591	0.970388573257819	0.990050981836616	-5.79005171788656	-0.0371209432234312
"488"	"COX6C"	-0.00246275477684199	13.6856697132134	-0.0350344441367599	0.972075814340449	0.990050981836616	-5.65547479770802	-0.0350049241961872
"489"	"MIB2"	0.00130130048756554	12.5781836725938	0.0331064457717058	0.973611944805807	0.990050981836616	-6.20581096138527	0.0330785540157471
"490"	"MRPL3"	-0.00214773114628814	12.8080743835627	-0.0328666467034817	0.973803011431879	0.990050981836616	-5.7482013415136	-0.0328389574124347
"491"	"CYSLTR1"	-0.00152263984672923	12.633285257515	-0.0312119016896165	0.975121706376352	0.990050981836616	-6.03302620628767	-0.0311853711446849
"492"	"INPP4A"	-0.00113446813283961	12.5564118354753	-0.0308648352237658	0.975398068713861	0.990050981836616	-6.27163827711998	-0.0308388357180724
"493"	"NSD2"	-0.00117210985144509	12.5877569799799	-0.0282617292459496	0.97747261736533	0.990050981836616	-6.14860197309622	-0.0282376392980826
"494"	"HCCS"	0.00133850293239744	12.6439068323936	0.0273861018669994	0.978170370054577	0.990050981836616	-5.99413510161608	0.0273627979642374
"495"	"DUSP10"	-0.00113915560445794	12.89412469608	-0.0163613759302629	0.986957080840746	0.994877734636846	-5.68214720371257	-0.016347603078453
"496"	"EZR"	-0.00101509215693909	13.9031504047866	-0.0152024940320122	0.987880841171638	0.994877734636846	-5.73376602928886	-0.0151896971837019
"497"	"LEMD2"	-0.000584635706877571	12.6040259348097	-0.0137986466784225	0.988999888512818	0.994877734636846	-6.13872033989162	-0.0137870320048264
"498"	"DFFA"	0.000578482586465502	12.7315792056971	0.0101953053412919	0.991872400821563	0.994877734636846	-5.85515094362792	0.0101866111224508
"499"	"UBAP2L"	-0.000432509842984691	12.6408374484645	-0.00892132050268301	0.992887979167572	0.994877734636846	-6.01081930880747	-0.00891371429158284
"500"	"PPP1R11"	0.000206021503095841	12.9058272361744	0.00294472330313736	0.997652431444245	0.997652431444245	-5.67195200891748	0.00294224510431417
